three_letter_code,volume,isoelectric_point,aromaticity,propensity_in_hotspot,number_of_atoms,molecular_mass
ALA,88.6,6.02,0,0,13,89
ARG,173.4,10.76,0,2.47,26,174
ASN,114.1,5.41,0,0.93,17,132
ASP,111.1,2.98,0,1.67,16,133
CYS,108.5,5.02,0,0,14,121
GLU,138.4,3.22,0,0.68,20,146
GLN,143.8,5.65,0,0.68,19,147
GLY,60.1,5.97,0,0.45,10,75
HIS,153.2,7.59,1,1.49,20,155
ILE,166.7,5.98,0,1.79,22,131
LEU,166.7,5.98,0,0.01,22,131
LYS,168.6,9.87,0,1.17,24,146
MET,162.9,5.75,0,0.54,20,149
PHE,189.9,5.48,1,0.56,23,165
PRO,112.7,6.3,0,1.25,17,115
SER,89,5.68,0,0.21,14,105
THR,116.1,5.6,0,0.28,17,119
TRP,227.8,5.94,1,3.91,27,204
TYR,193.6,5.66,1,2.29,24,181
VAL,140,5.97,0,0,19,117
